status_id,status_message,link_name,status_type,status_link,status_published,num_reactions,num_comments,num_shares,num_likes,num_loves,num_wows,num_hahas,num_sads,num_angrys
107861655950370_1228438533892671,Ka쬰 da je pao sa stilom.,VIDEO Snimku je objavio na Facebooku: Ovaj tip spavao je s k캖eri od 코efice i tako dao otkaz,link,http://www.index.hr/black/clanak/video-snimku-je-objavio-na-facebooku-ovaj-tip-spavao-je-s-kceri-od-sefice-i-tako-dao-otkaz/924350.aspx,2016-10-07 21:00:01,8,0,0,8,0,0,0,0,0
107861655950370_1228437773892747,Mislio je da 캖e biti konkurentniji na tr쬴코tu rada.,Nezaposleni mu코karac ugradio silikone kako bi dobio posao pa postao predmet sprdnje,link,http://www.index.hr/black/clanak/nezaposleni-muskarac-ugradio-silikone-i-na-internetu-postao-predmet-sprdnje/924356.aspx,2016-10-07 20:00:00,2,1,1,0,0,2,0,0,0
107861655950370_1228435030559688,Picula najavio SDP 3.0.,Picula predstavio svoj manifest - 쬰li stvoriti SDP 3.0,link,http://www.index.hr/vijesti/clanak/picula-predstavio-svoj-manifest--zeli-stvoriti-sdp-30/924353.aspx,2016-10-07 19:00:00,4,1,0,4,0,0,0,0,0
107861655950370_1228426343893890,"Dozvolio moliteljima ""miroljubivo bdijenje"".","Ravnatelj KBC-a Sestre milosrdnice: ""Dozvolio sam miroljubivo molitveno bdijenje pred bolnicom""",link,http://www.index.hr/vijesti/clanak/ravnatelj-kbca-sestre-milosrdnice-dozvolio-sam-miroljubivo-molitveno-bdijenje-pred-bolnicom/924371.aspx,2016-10-07 17:30:00,34,30,3,15,3,0,4,2,10
107861655950370_1228470363889488,Sljede캖eg petka bit 캖e napeto!,Eurojackpot dosegao rekordnih 675 milijuna kuna,link,http://www.index.hr/black/clanak/eurojackpot-dosegao-rekordnih-675-milijuna-kuna/924374.aspx,2016-10-07 16:37:16,71,21,3,70,0,1,0,0,0
107861655950370_1228436587226199,Papa nije bio zadovoljan.,Papu Franju jako rastu쬴la vijest da su se dvije biv코e redovnice udale jedna za drugu,link,http://www.index.hr/black/clanak/papu-franju-jako-je-rastuzila-vijest-o-civilnom-partnerstvu-dviju-bivsih-redovnica/924372.aspx,2016-10-07 15:51:02,20,17,1,13,0,0,7,0,0
107861655950370_1228413817228476,Od robija코a i prodava캜a hot dogova do milijardera.,"Jahte, avioni i nevi캠eni luksuz: Kako je prodava캜 hot dogova postao Putinov miljenik",link,http://www.index.hr/black/clanak/jahte-avioni-i-nevidjeni-luksuz-kako-je-prodavac-hot-dogova-postao-putinov-miljenik/924360.aspx,2016-10-07 15:32:00,17,1,0,17,0,0,0,0,0
107861655950370_1228417903894734,,Index Sport,link,http://www.index.hr/sport/clanak/pogledajte-promasaj-kvalifikacija-velika-zvijezda-se-zestoka-osramotila/924369.aspx,2016-10-07 15:27:29,12,3,0,11,0,0,1,0,0
107861655950370_1228409563895568,Ameri캜ke tajne slu쬭e otvoreno optu쬴le Rusiju za hakiranje!,"DOKUMENT Amerika slu쬭eno optu쬴la Rusiju: ""Hakiraju nam gra캠ane i institucije""",link,http://www.index.hr/vijesti/clanak/dokument-amerika-sluzbeno-optuzila-rusiju-hakiraju-nam-gradjane-i-institucije/924368.aspx,2016-10-07 15:14:10,6,6,0,4,0,0,2,0,0
107861655950370_1228398953896629,Otpisali su ga ve캖 nakon 45 odigranih minuta.,Index Sport,link,http://www.index.hr/sport/clanak/je-li-on-igra-za-bih-ili-belgiju-bivsi-hrvatski-reprezentativac-u-debiju-za-bih-razocarao-navijace/924364.aspx,2016-10-07 14:54:56,22,15,0,21,1,0,0,0,0
107861655950370_1228289073907617,,Lajk.hr,link,http://www.index.hr/lajk/poster/175505/otkrivena-je-tajna-umjetnickih-fotografija-evo-kako-se-zapravo-slikaju,2016-10-07 14:50:00,32,2,0,31,1,0,0,0,0
107861655950370_1228367613899763,,Index Auto,link,http://www.index.hr/mobile/clanak.aspx?category=auto&id=924309,2016-10-07 14:06:16,15,1,0,14,1,0,0,0,0
107861655950370_1228357067234151,Bilo jednom u Jugoslaviji :D,FOTO Ovako je prvi jugoslavenski magazin za dame pisao o 쬰nama i mu코karcima 1956.,link,http://www.index.hr/black/clanak/foto-ovako-je-prvi-jugoslavenski-magazin-za-dame-pisao-o-zenama-i-muskarcima-1956/924317.aspx,2016-10-07 14:00:05,6,4,1,5,0,0,1,0,0
107861655950370_1228355430567648,"Ako ste slu캜ajno propustili press konferenciju taksista, donosimo najzanimljivije izjave!",Taksisti: Mo쬯a su Uberovci sami sebi zapalili auto,link,http://www.index.hr/vijesti/clanak/taksisti-mozda-su-uberovci-sami-sebi-zapalili-auto/924244.aspx,2016-10-07 13:58:25,18,8,2,13,0,0,5,0,0
107861655950370_1228288580574333,,Lajk.hr,link,http://www.index.hr/lajk/poster/175508/video-cudak-snimio-svoj-skok-u-bazen-s-krova-hotela-umalo-zavrsio-na-betonu,2016-10-07 13:40:00,75,9,0,64,2,6,1,0,2
107861655950370_1228297527240105,On je uvjeren da svojim na캜inom 쬴vota ne 코teti nikome.,Susjedi na rubu 쬴vaca: Ku캖u renovira potpuno gol i ne namjerava se obu캖i,link,http://www.index.hr/black/clanak/susjedi-na-rubu-zivaca-kucu-renovira-potpuno-gol-i-ne-namjerava-se-obuci/924204.aspx,2016-10-07 13:25:00,69,19,4,59,0,0,10,0,0
107861655950370_1228309277238930,Prometna u Zagrebu....,"Na Samoborskoj cesti motociklist sletio s ceste, udario u stup i poginuo",link,http://www.index.hr/vijesti/clanak/na-samoborskoj-cesti-u-zagrebu-poginuo-motociklist/924345.aspx,2016-10-07 13:14:00,24,4,1,14,0,0,0,10,0
107861655950370_1228299507239907,Spam na코 svagda코nji.,VIDEO Ovo se dogodi kad odgovorite na spam,link,http://www.index.hr/black/clanak/video-ovo-se-dogodi-kad-odgovorite-na-spam/924338.aspx,2016-10-07 12:56:00,4,0,0,4,0,0,0,0,0
107861655950370_1228293297240528,Napada캜 napu코ta Juve?,Index Sport,link,http://www.index.hr/sport/clanak/mandzo-napusta-juventus-i-ostvaruje-nevjerojatni-transfer/924316.aspx,2016-10-07 12:33:03,44,2,0,44,0,0,0,0,0
107861655950370_1228288417241016,,Lajk.hr,link,http://www.index.hr/lajk/poster/175451/publika-nije-mogla-vjerovati-svojim-ocima-napunio-je-trbuh-vodom-i-pretvorio-se-u-fontanu,2016-10-07 12:24:31,84,7,0,78,1,3,2,0,0
107861655950370_1228282507241607,,Tko je 15. 캜lan Mostovog kluba o kojem svi 코ute? Petrov u Dnevniku naglo promijenio temu,link,http://www.index.hr/vijesti/clanak/petrov-veceras-u-dnevniku-nove-tv-otkriva-detalje-sporazuma-hdza-i-mosta/924341.aspx,2016-10-07 12:14:20,8,5,0,7,0,0,0,0,1
107861655950370_1228280437241814,"Jednostavni, a korisni savjeti.",15 pravila koja bi vam mogla spasiti 쬴vot,link,http://www.index.hr/black/clanak/15-pravila-koja-bi-vam-mogla-spasiti-zivot/923756.aspx,2016-10-07 12:11:46,11,0,0,11,0,0,0,0,0
107861655950370_1228268390576352,"Olimpijska pobjednica, europska prvakinja, pokorila sve mitinge Dijamantne lige i zavr코ila sezonu bez poraza - samo Sandra Perkovi캖!",Index Sport,link,http://www.index.hr/sport/clanak/nevjerojatno-sandru-izbacili-iz-konkurenciju-za-najbolju-atleticarku-europe/924329.aspx,2016-10-07 11:50:32,141,35,0,89,0,2,0,17,33
107861655950370_1228249787244879,Bravo Filipe! 游땏,"Hrvat napravio najbolji plakat za NASU: ""콯ivot mi se potpuno promijenio""",link,http://www.index.hr/black/clanak/hrvatski-maturant-napravio-najbolji-plakat-na-natjecaju-nasae-promijenio-mi-je-zivot/924323.aspx,2016-10-07 11:13:17,403,5,19,384,17,1,1,0,0
107861655950370_1228241043912420,Bolesno.,"FOTO Pedofil 20 minuta ljubio sedma코icu pred 코kolom u Vranju, uhi캖en nakon 코to su ga slikali",link,http://www.index.hr/vijesti/clanak/foto-pedofil-20-minuta-ljubio-sedmasicu-pred-skolom-u-vranju-uhicen-nakon-sto-su-ga-slikali/924328.aspx,2016-10-07 10:52:31,93,54,6,40,0,0,1,10,42
107861655950370_1228231230580068,Donosimo nove informacije iz Duge Rese...,Index Vijesti,link,http://www.index.hr/vijesti/clanak/pucnjava-kod-duge-rese-policija-blokirala-cijelo-selo/924290.aspx,2016-10-07 10:35:13,38,19,0,31,2,2,1,1,1
107861655950370_1228222673914257,Stra코no!,Pri캜a o obitelji Jacka Nicholsona zvu캜i kao scenarij najgore sapunice,link,http://www.index.hr/black/clanak/prica-o-obitelji-jacka-nicholsona-zvuci-kao-scenarij-najgore-sapunice/924308.aspx,2016-10-07 10:17:36,13,2,3,13,0,0,0,0,0
107861655950370_1228210883915436,"Nova vlada imat 캖e 18 ministarstava - ostaje bez poduzetni코tva i socijale, bit 캖e vi코e 쬰na, a o imenima i potpisima...","Plenkovi캖 rekao kako 캖e se smanjiti broj ministarstava, a otkrio jo코 nekoliko zanimljivih stvari",link,http://www.index.hr/vijesti/clanak/plenkovic-rekao-kako-ce-se-smanjiti-broj-ministarstava-a-otkrio-jos-nekoliko-zanimljivih-stvari/924319.aspx,2016-10-07 09:55:07,8,19,2,7,0,0,0,0,1
107861655950370_1228172780585913,,Lajk.hr,link,http://www.index.hr/lajk/poster/175444/racun-o-kojem-cijeli-svijet-prica-majci-su-naplatili-drzanje-djeteta-nakon-poroda,2016-10-07 09:55:00,26,10,0,19,2,1,1,3,0
107861655950370_1228200067249851,"""Tko bi u ovoj cvjetnoj bajci bio najodgovorniji?"" 

Djelatnica Poglavarstva razotkriva Bandi캖a!","""Car je gol"": Gradska slu쬭enica otkrila sve o dozvoli za terasu na Cvjetnom i prozvala Bandi캖a",link,http://www.index.hr/vijesti/clanak/car-je-gol-gradska-sluzbenica-otkrila-sve-o-dozvoli-za-terasu-na-cvjetnom-i-prozvala-bandica/924305.aspx,2016-10-07 09:34:36,230,31,25,207,2,6,12,1,2
107861655950370_1228194140583777,"Andrej Plenkovi캖: ""Bit 캖e 18 ministarstava...""",Index Vijesti,video,https://www.facebook.com/IndexVijesti/videos/1797674380447660/,2016-10-07 09:21:23,12,13,0,8,1,0,2,0,1
107861655950370_1228188297251028,"Pogledajte ""gol"" Islan캠ana!",Index Sport,link,http://www.index.hr/sport/clanak/evo-gola-islanda-o-kojem-bruji-cijeli-svijet-i-zbog-kojeg-finska-ceka-hrvatsku-ogorcena/924243.aspx,2016-10-07 09:12:39,12,6,0,12,0,0,0,0,0
107861655950370_1228171420586049,,Lajk.hr,link,http://www.index.hr/lajk/poster/175478/video-zena-iz-new-yorka-ima-preko-500-biljaka-u-svom-stanu-evo-kako-on-izgleda,2016-10-07 08:53:01,42,9,0,39,1,1,1,0,0
107861655950370_1228171070586084,Bez komentara. Pro캜itajte...,Opasno je dati pravo glasa obi캜nom 캜ovjeku,link,http://www.index.hr/vijesti/clanak/opasno-je-dati-pravo-glasa-obicnom-covjeku/924301.aspx,2016-10-07 08:41:42,17,8,0,17,0,0,0,0,0
107861655950370_1228141063922418,"[PRIJELOMNA VIJEST]

Krvavi obra캜un u Dugoj Resi!","Dvoje mrtvih u pucnjavi kod Karlovca, ubojica ubio dva brata pa poku코ao presuditi i sebi",link,http://www.index.hr/vijesti/clanak/pucnjava-kod-duge-rese-policija-blokirala-cijelo-selo/924290.aspx,2016-10-07 07:51:52,30,8,9,22,1,4,0,3,0
107861655950370_1228139270589264,Uhva캖en s kilogramom eksploziva!,말ben캜anin izra캠ivao i nabavljao oru쬵e i eksplozive te prijetio i uhodio nesretnu 쬰nu,link,http://www.index.hr/vijesti/clanak/sibencanin-izradjivao-i-nabavljao-oruzje-i-eksplozive-te-prijetio-i-uhodio-nesretnu-zenu-/924277.aspx,2016-10-07 07:48:14,5,2,0,4,0,1,0,0,0
107861655950370_1228119117257946,Juan Manuel Santos - dobitnik Nobelove nagrade za mir!,"Tko je Juan Manuel Santos, dobitnik Nobelove nagrade za mir?",link,http://www.index.hr/vijesti/clanak/tko-je-juan-manuel-santos-dobitnik-nobelove-nagrade-za-mir/924273.aspx,2016-10-07 07:06:33,11,1,1,9,2,0,0,0,0
107861655950370_1228098183926706,"""UBIJ HRVATA da 말ptar nema brata"", slu코ao sam na Marakani prije tri godine...",Puca캜ki i pljuva캜ki trening uspjeli,link,http://www.index.hr/sport/clanak/pucacki-i-pljuvacki-trening-uspjeli/924170.aspx,2016-10-07 06:34:06,26,36,0,23,0,0,1,1,1
107861655950370_1228086920594499,"""Joj, fala ti Bogek..."" 游땍","HDZ na Twitteru: ""Joj, fala ti Bogek...""",link,http://www.index.hr/vijesti/clanak/hdz-na-twitteru-joj-fala-ti-bogek/924248.aspx,2016-10-07 06:10:23,25,9,1,18,0,0,2,0,5
107861655950370_1228077987262059,"Lijepa Antica, nova djevojka Zorana Mami캖a",Tko je lijepa Antica zbog koje se navodno razvodi Zoran Mami캖?,link,http://www.index.hr/black/clanak/tko-je-lijepa-antica-zbog-koje-se-navodno-razvodi-zoran-mamic/924214.aspx,2016-10-07 05:54:10,39,59,1,34,0,0,5,0,0
107861655950370_1228068087263049,Samo promjene...,"Dogovor o funkcijama je pao, Petrov: ""캛estitam HDZ-u jer su 쬰ljni promjena""",link,http://www.index.hr/vijesti/clanak/dogovor-je-pao-petrov-cestitam-hdzu-jer-su-zeljni-promjena/924245.aspx,2016-10-07 05:34:57,46,41,1,24,1,0,15,0,6
107861655950370_1228051647264693,,Index Auto,link,http://www.index.hr/mobile/clanak.aspx?category=auto&id=924091,2016-10-07 05:08:23,14,1,0,13,1,0,0,0,0
107861655950370_1228049560598235,"[PRIJELOMNA VIJEST]

POTRES je pogodio Slavoniju. Jeste li ga osjetili?","Potres ja캜ine 4,2 stupnja po Richteru pogodio Slavoniju: ""Mislili smo da je eksplozija, ljudi su bje쬬li na ulice""",link,http://www.index.hr/vijesti/clanak/potres-jacine-44-stupnja-po-richteru-pogodio-bih-i-slavoniju/924240.aspx,2016-10-07 05:02:38,417,107,99,348,0,43,1,22,3
107861655950370_1228045647265293,WOW !! 游땘,Djevojka o kojoj bruji cijeli Zagreb: Upoznajte prelijepu Nabilah,link,http://www.index.hr/rouge/clanak/djevojka-o-kojoj-bruji-cijeli-zagreb-upoznajte-prelijepu-nabilah/924225.aspx,2016-10-07 04:52:20,150,71,0,135,3,3,6,0,3
107861655950370_1227972283939296,,Index Oglasi,link,http://www.index.hr/oglasi/bmw-serija-3-318d-automatic-nije-uvoz/oid/376897,2016-10-07 04:30:00,8,7,0,8,0,0,0,0,0
107861655950370_1228031360600055,Vice Bataralo o poba캜aju. Treba li jo코 코to re캖i?,"Kontroverzni Vice Batarelo ni silovanim 쬰nama ne bi dopustio poba캜aj, a rekao je jo코 mnogo toga",link,http://www.index.hr/vijesti/clanak/kontroverzni-vice-batarelo-ni-silovanim-zenama-ne-bi-dopustio-pobacaj-a-rekao-je-jos-mnogo-toga/924226.aspx,2016-10-07 04:22:12,260,337,25,71,3,1,17,9,159
107861655950370_1228030647266793,"""Nitko nema ovakvog Marija..."" 游땍游땍游땍","VIDEO Luka Buli캖 opjevao Mand쬿 pa nasmijao 2,5 tisu캖e Hrvata: ""Super Mario hat-trick ostvario""",link,http://www.index.hr/black/clanak/video-luka-bulic-opjevao-mandzu-pa-nasmijao-25-tisuce-hrvata-super-mario-hattrick-ostvario/924222.aspx,2016-10-07 04:19:51,213,13,5,204,7,0,2,0,0
107861655950370_1228014803935044,Znanost na HRT-u ima sasvim 캜udan oblik!,Kuhanje Vlatke Pokos za HRT je znanstveno - obrazovni program,link,http://www.index.hr/vijesti/clanak/kuhanje-vlatke-pokos-za-hrt-je-znanstveno--obrazovni-program-/924194.aspx,2016-10-07 03:55:59,120,63,8,45,1,0,64,1,9
107861655950370_1228001040603087,Donosimo detalje - tko 코to dobiva?,"Detalji dogovora: Evo 코to dobiva MOST, 코to HDZ i tko 캖e nakon Petrova biti 코ef Sabora",link,http://www.index.hr/vijesti/clanak/detalji-dogovora-evo-sto-dobiva-most-sto-hdz-i-tko-ce-nakon-petrova-biti-sef-sabora/924198.aspx,2016-10-07 03:31:55,8,25,2,4,1,0,1,0,2
107861655950370_1227971323939392,Slavni glumac zaveo je k캖er poznatih roditelja.,FOTO Mo쬰 mu biti k캖i: Tko je mla캠ahna ljepotica koju ljubi Sean Penn?,link,http://www.index.hr/black/clanak/foto-moze-mu-biti-kci-tko-je-mladjahna-ljepotica-koju-ljubi-sean-penn/924175.aspx,2016-10-07 03:10:00,15,1,0,14,0,0,1,0,0
107861655950370_1227984490604742,Nogometa코 je bje쬬o od specijalne policije! [VIDEO],"NAJLU캟A SCENA KVALIFIKACIJA Bje쬴 bolni캜kim kolima, a policija ga lovi zbog alimentacije",link,http://www.index.hr/sport/clanak/najludja-scena-kvalifikacija-bjezi-ambulantnim-kolima-a-policija-ga-lovi-zbog-alimentacije/924191.aspx,2016-10-07 02:56:19,46,3,9,37,0,0,9,0,0
107861655950370_1227970293939495,"Da nam nisu rekli da je ona, nema 코anse da bi je prepoznali.",VIDEO Kim Kardashian se prvi put pojavila u javnosti nakon plja캜ke - i ne li캜i na sebe,link,http://www.index.hr/black/clanak/video-kim-kardashian-se-prvi-put-pojavila-u-javnosti-nakon-pljacke--i-ne-lici-na-sebe/924182.aspx,2016-10-07 02:40:00,22,13,1,21,1,0,0,0,0
107861655950370_1227976563938868,,Index Ljubimci,link,http://www.index.hr/ljubimci/clanak/svjetski-dan-smijeha--ove-nasmijane-zivotinje-uljepsati-ce-vam-dan/924195.aspx,2016-10-07 02:35:13,62,0,0,58,3,0,1,0,0
107861655950370_1227975913938933,Ovo je drugi pokus u samo mjesec dana!,"Sjeverna Koreja spremna za novi nuklearni test, samo se 캜eka naredba",link,http://www.index.hr/vijesti/clanak/sjeverna-koreja-spremna-za-novi-nuklearni-test-samo-se-ceka-naredba/924189.aspx,2016-10-07 02:33:11,8,1,1,7,1,0,0,0,0
107861655950370_1227971623939362,Index Rouge: Lijepa Eva kraljica je elegantnog stila :),9 jednostavnih poslovnih kombinacija Eve Longorije koje vrijedi kopirati,link,http://www.index.hr/rouge/clanak/9-jednostavnih-poslovnih-kombinacija-eve-longorije-koje-vrijedi-kopirati/923912.aspx,2016-10-07 02:30:01,44,0,2,44,0,0,0,0,0
107861655950370_1227971753939349,"Jo코 jedna pri캜a koja pokazuje surovu realnost 쬴vota u Hrvatskoj, posebno za mlade.","Ni nakon 200 prijava nisu na코li posao pa sele u Irsku, 캜im slete 캜eka ih pet razgovora za posao",link,http://www.index.hr/vijesti/clanak/ni-nakon-200-prijava-nisu-nasli-posao-pa-sele-u-irsku-cim-slete-ceka-ih-pet-razgovora-za-posao-/924192.aspx,2016-10-07 02:21:34,736,110,25,650,13,0,3,54,16
107861655950370_1227969610606230,"Druga fotka nas je ubila :D
Vidite li vi 코to nije u redu s njom?","Vidite li 코to nije u redu s ovim fotkama, ili spadate u zbunjenu ve캖inu?",link,http://www.index.hr/black/clanak/vidite-li-sto-nije-u-redu-s-ovim-fotkama-ili-spadate-u-zbunjenu-vecinu/924190.aspx,2016-10-07 02:16:03,56,34,3,43,5,1,7,0,0
107861655950370_1227962590606932,Ho캖ete li oti캖i po svoju kovanicu? :),Od danas mo쬰te nabaviti novu kovanicu od 25 kuna - evo kako i gdje,link,http://www.index.hr/vijesti/clanak/od-danas-mozete-nabaviti-novu-kovanicu-od-25-kuna--evo-kako-i-gdje/924179.aspx,2016-10-07 01:52:57,113,27,12,106,4,0,0,0,3
107861655950370_1227946483941876,"Uvijek 캖emo ih voljeti, bez obzira na to 코to pi코u o njima! :D",Stvari koje biste trebali znati o omiljenim slatki코ima i grickalicama,link,http://www.index.hr/black/clanak/stvari-koje-biste-trebali-znati-o-omiljenim-slatkisima-i-grickalicama/924121.aspx,2016-10-07 01:22:36,8,1,1,8,0,0,0,0,0
107861655950370_1227787560624435,Dobro jutro! :),Lajk.hr,link,http://www.index.hr/lajk/poster/175397/ovo-je-najstariji-macak-na-svijetu-u-ljudskim-godinama-bi-bio-141-godisnjak,2016-10-07 00:50:01,86,6,0,79,5,2,0,0,0
107861655950370_1227926960610495,"Ovo bi mogla biti katastrofa kakvu Florida ne pamti. Sti쬰 uragan Matthew, ali to nije najgore 코to bi se moglo dogoditi!","OLUJA STOLJE캕A Matthew odnio preko 330 쬴vota, Florida se sprema na udar - sti쬿 캜ak dva uragana",link,http://www.index.hr/vijesti/clanak/oluja-stoljeca-matthew-odnio-preko-330-zivota-florida-se-sprema-na-udar---stizu-cak-dva-uragana/924173.aspx,2016-10-07 00:33:43,32,5,3,19,1,0,0,12,0
107861655950370_1227786967291161,,Lajk.hr,link,http://www.index.hr/lajk/poster/175443/test-zapazanja-mozete-li-pronadi-razlike-kod-ovih-10-slika,2016-10-07 00:10:01,11,1,0,10,1,0,0,0,0
107861655950370_1227718030631388,"""Goli kuhar"" 맗anjolce je stvarno naljutio :D",Jamie Oliver u paellu stavio ne코to 코to nije smio i sad ga mrzi cijela 맗anjolska,link,http://www.index.hr/black/clanak/jamie-oliver-u-paellu-stavio-nesto-sto-nije-smio-i-sad-ga-mrzi-cijela-spanjolska/924100.aspx,2016-10-06 23:00:00,26,4,1,20,2,0,4,0,0
107861655950370_1227717070631484,Malo je pretjerala :D,FOTO Jedna od najljep코ih 쬰na svijeta ispred restorana uhva캖ena mrtva pijana,link,http://www.index.hr/black/clanak/foto-jedna-od-najljepsih-zena-svijetu-ispred-restorana-uhvacena-mrtva-pijana/924092.aspx,2016-10-06 22:00:01,33,21,2,32,0,0,1,0,0
107861655950370_1227719757297882,"Numerolozi ka쬿 da 캖e sve bebe ro캠ene 6.10.2016. biti dubokoumne, 쬰ljne znanja, miroljubive i odane.","Dana코nji dan je poseban, posebno vjerujete li u numerologiju",link,http://www.index.hr/black/clanak/danasnji-dan-je-poseban-posebno-vjerujete-li-u-numerologiju/924084.aspx,2016-10-06 21:00:01,27,2,2,26,0,1,0,0,0
107861655950370_1227718540631337,"Mladi캖 je nasrnuo na nastavnika, ali nije ba코 dobro pro코ao.","VIDEO Jedan u캜enik nasrnuo je na nastavnika, a reakcija drugih odu코evila je internet",link,http://www.index.hr/black/clanak/video-jedan-ucenik-nasrnuo-je-na-nastavnika-a-reakcija-drugih-odusevila-je-internet/924146.aspx,2016-10-06 20:00:00,204,24,11,185,5,6,2,2,4
107861655950370_1227683093968215,Novi zakon odre캠uje obveznu do쬴votnu zatvorsku kaznu za ubojice.,Pakistan kona캜no ukinuo rupu u zakonu za ubojstva iz 캜asti,link,http://www.index.hr/vijesti/clanak/pakistan-konacno-ukinuo-rupu-u-zakonu-za-ubojstva-iz-casti/924149.aspx,2016-10-06 19:00:00,15,2,1,12,2,0,0,0,1
107861655950370_1227709273965597,Odli캜na ideja!,"VIDEO Poznati politi캜ari u trudni캜kim kostimima obavljaju ku캖anske poslove, a razlog je sjajan",link,http://www.index.hr/black/clanak/video-hit-na-internetu-poznati-politicari-u-trudnickim-kostimima-obavljaju-kucanske-poslove/924134.aspx,2016-10-06 18:20:01,8,4,0,8,0,0,0,0,0
107861655950370_1227688130634378,Otvoreni sukob Baldasara i Puljak.,"Zaratili oko GUP-a: ""Netko tko kupuje vije캖nike kafi캖ima ne mo쬰 shvatiti 코to 쬰li Pametno""",link,http://www.index.hr/vijesti/clanak/zaratili-oko-gupa-netko-tko-kupuje-vijecnike-kaficima-ne-moze-shvatiti-sto-zeli-pametno/924162.aspx,2016-10-06 17:30:00,23,4,2,23,0,0,0,0,0
107861655950370_1227708000632391,(Ne)pristojne mu코terije i konobari napismeno :),"Isprike, uvrede i rasisti캜ki ispadi: Ovo su najlu캠e poruke na ugostiteljskim ra캜unima",link,http://www.index.hr/black/clanak/isprike-uvrede-i-rasisticki-ispadi-ovo-su-najludje-poruke-na-ugostiteljskim-racunima/924160.aspx,2016-10-06 16:55:00,11,1,0,11,0,0,0,0,0
107861655950370_1227709423965582,"""Rock'n'Roll dinosauri"" izdaju novi album. Poslu코ajte kako zvu캜i.","VIDEO Rolling Stones izdaju novi album, mnogi 캖e se iznenaditi kad 캜uju kako zvu캜i",link,http://www.index.hr/black/clanak/video-rolling-stones-izdaju-novi-album-mnogi-ce-se-iznenaditi-kad-cuju-kako-zvuci/924155.aspx,2016-10-06 16:34:44,29,1,0,25,4,0,0,0,0
107861655950370_1227693373967187,Ovako su navija캜i jo코 jednom osramotili Hrvatsku.,Index Sport,link,http://www.index.hr/sport/clanak/pogledajte-sramotno-skandiranje-hrvata-i-albanaca-cijeli-stadion-pjevao-ubij-srbina/924165.aspx,2016-10-06 15:57:05,232,167,0,141,11,2,6,32,40
107861655950370_1227690470634144,"""Prevarila sam de캜ka nekoliko puta s najboljim prijateljem. To je jedna od najgorih stvari koje sam napravila nekoj osobi, ali uop캖e mi nije 쬬o. Nikad me nije uhvatio.""","Ispovijedi preljubnika: ""Tjedan dana prije vjen캜anja prevario sam je s najboljim prijateljem""",link,http://www.index.hr/black/clanak/ovo-su-ispovijesti-ljudi-koji-su-partnere-prevarili-sa-svojim-najboljim-prijateljima/924161.aspx,2016-10-06 15:50:36,33,6,0,24,2,4,0,1,2
107861655950370_1227679313968593,"Index Sport: HRVATSKA ZABILA EST KOMADA

Velika pobjeda nogometa코a i sramotno skandiranje navija캜a zbog kojeg 캖e reprezentacija ponovno biti ka쬹jena.","HRVATSKA RAZBILA KOSOVO 6:0 Hat-trick Mand쬿ki캖a, navija캜i sramotni",link,http://www.index.hr/sport/clanak/hat-trick-mandzukica-hrvatska-razbila-kosovo-50-navijaci-sramotni-/924038.aspx,2016-10-06 15:36:01,765,55,17,739,18,0,6,0,2
107861655950370_1227670913969433,Svi na stadionu su ostali 코okirani! Kakva pogre코ka legende kod rezultata 0:0!,Index Sport,link,http://www.index.hr/sport/clanak/ovakvu-pogresku-buffona-nikad-niste-vidjeli-spanjolska-vodi-uz-pomoc-legendarnog-talijana/924158.aspx,2016-10-06 15:20:37,34,10,0,32,1,0,1,0,0
107861655950370_1227660170637174,Bijela ili plava?,Internet je opet poludio: Koje je boje ova torbica?,link,http://www.index.hr/black/clanak/internet-je-opet-poludio-koje-je-boje-ova-torbica/924151.aspx,2016-10-06 15:15:00,30,63,0,25,2,1,2,0,0
107861655950370_1227615847308273,"Na sudu se ne pojavljuje (pa joj prijeti privo캠enje), ali zato ima vremena na svom portalu pljuvati po ljudima koji je tu쬰.",Marki캖kin portal izmi코ljotinama napada 쬰nu koja im tu쬴 코eficu,link,http://www.index.hr/vijesti/clanak/markickin-portal-izmisljotinama-napada-zenu-koja-im-tuzi-seficu/924030.aspx,2016-10-06 15:00:01,69,39,1,33,3,0,4,4,25
107861655950370_1227615147308343,"Osniva캜 Wikileaksa ve캖 neko vrijeme najavljuje dramati캜no ""iznena캠enje u listopadu"". Koje nikako da do캠e.","""Trol"" Assange razo캜arao Trumpove fanove, ipak obe캖aje objaviti nove tajne dokumente do izbora",link,http://www.index.hr/vijesti/clanak/trol-assange-razocarao-trumpove-fanove-ipak-obecaje-objaviti-nove-tajne-dokumente-do-izbora/924125.aspx,2016-10-06 14:35:01,5,1,0,5,0,0,0,0,0
107861655950370_1227632097306648,SRAMOTA U ALBANIJI! HNS 캖e ponovno biti ka쬹jen.,"Sramotno! Stadionom se ori zajedni캜ka pjesma Hrvata i Albanaca ""Ubij Srbina!""",link,http://www.index.hr/sport/clanak/sramotno-stadionom-se-ori-zajednicka-pjesma-hrvata-i-albanaca-ubij-srbina/924153.aspx,2016-10-06 14:27:02,1295,334,56,950,46,6,111,60,122
107861655950370_1227607457309112,"Ovo je urnebesno - ako ni코ta, mora mu se priznati da je bio prili캜no dosjetljiv :)","VIDEO Mafija코ki boss uhva캖en nakon pet godina, ne캖ete vjerovati gdje se skrivao",link,http://www.index.hr/vijesti/clanak/video-mafijaski-boss-uhvacen-nakon-pet-godina-necete-vjerovati-gdje-se-skrivao/924143.aspx,2016-10-06 14:15:00,39,2,1,36,0,0,3,0,0
107861655950370_1227605400642651,"Svoj ""slatki"" 쬴votopis dostavio je na 40 adresa i dobio - 10 razgovora za posao.",FOTO Genijalna ideja: 콯ivotopisom odu코evio i internet i poslodavce,link,http://www.index.hr/black/clanak/foto-ovaj-mladic-kreativnim-zivotopisom-odusevio-je-internetom/924130.aspx,2016-10-06 14:15:00,94,3,1,91,3,0,0,0,0
107861655950370_1227614837308374,"Bravo, Mario!",Index Sport,link,http://www.index.hr/sport/clanak/mandzukic-zabio-nakon-cetiri-mjeseca/924150.aspx,2016-10-06 14:03:55,59,0,0,54,5,0,0,0,0
107861655950370_1227603857309472,"Zoran se, izgleda, ponovno zaljubio.",FOTO Zoran Mami캖 ostavio suprugu zbog zgodne 25-godi코nje manekenke,link,http://www.index.hr/black/clanak/foto-zoran-mamic-ostavio-suprugu-zbog-zgodne-25godisnje-manekenke/924141.aspx,2016-10-06 14:00:00,200,63,4,142,3,6,28,4,17
107861655950370_1227593330643858,"Index Sport: Jo코 malo je ostalo do po캜etka utakmice, ali imate dovoljno vremena za pro캜itati na코u reporta쬿 s Kosova.",EKSKLUZIVNA REPORTA콯A S KOSOVA Kako je pre쬴vio nogomet u getu Europe,link,http://www.index.hr/sport/clanak/ekskluzivna-reportaza-s-kosova-kako-je-prezivio-nogomet-u-getu-europe-/924049.aspx,2016-10-06 13:38:19,13,1,0,13,0,0,0,0,0
